Israel Will Soon Learn That No One Can Replace Qatar as a Mediator With Hamas,haaretz
Britain: We respect the ICC and Israel's right to defend itself,haaretz
U.S. envoy Hochstein meets with IDF chief of staff and Israeli defense minister,haaretz
Rocket sirens activated in Israel's northern town of Kiryat Shmona,haaretz
"U.S. 'fundamentally rejects' ICC's arrest warrants for Netanyahu, Gallant, citing 'troubling process errors,' lack of jurisdiction",haaretz
Hundreds attend funeral of civilian killed in southern Lebanon,haaretz
Irish PM: ICC warrants are 'extremely significant step',haaretz
IDF says it struck Hezbollah targets in Lebanese capital for third time in past day,haaretz
U.S. State Department cancels daily briefing hours after ICC warrants announcement,haaretz
" World Jewish Congress express ""profound concern"" over ICC warrants",haaretz
Israeli State Comptroller reaches agreement with IDF on October 7 probe,haaretz
"Jewish Federations: ICC arrest warrants are ""historically unjust""",haaretz
'War crimes cannot go unpunished': Belgian deputy PM calls to implement ICC warrants,haaretz
Palestinians respond to PM warrant:  'One of the greatest days of justice for the Palestinian cause',haaretz
Incoming U.S. national security advisor vows 'strong response' to ICC's 'antisemitic bias',haaretz
Jordan's foreign minister says ICC's decision must be respected,haaretz
France says looking into legal implications of Netanyahu's ICC arrest warrant,haaretz
Israeli court extends remand of two suspected of firing flares at Netanyahu's residence,haaretz
"EU's Borrell: ICC warrants not political, should be respected and implemented",haaretz
"UK's Jeremy Corbyn says ICC warrants against Netanyahu, Gallant 'long overdue'",haaretz
Prime Minister's Office: Israel rejects absurd and false actions and accusations against it by International Criminal Court,haaretz
U.S. Sen. Lindsey Graham calls to advance House-passed ICC sanctions bill,haaretz
Netherlands says ready to act upon ICC arrest warrant for Netanyahu,haaretz
Israeli President Herzog slams ICC arrest warrants as 'dark day for justice',haaretz
Rocket sirens sound in northern Israel,haaretz
"Israel's Ben-Gvir calls for Israel to annex the West Bank in response to ICC arrest warrants against Netanyahu, Gallant",haaretz
"Former Israeli PM, opposition leader slam ICC arrest warrants against Netanyahu and Gallant",haaretz
Drone sirens sound in northern Israeli town near border with Lebanon,haaretz
IDF says 15 rockets fired at northern Israel's Nahariya from Lebanon after rocket sirens sounded,haaretz
Victim of rocket fire from Lebanon at northern Israel identified,haaretz
"ICC issues arrest warrants for Israeli leaders Netanyahu, Gallant for alleged Gaza war crimes",haaretz
Rocket sirens sound in northern Israeli city of Nahariya,haaretz
"Rocket sirens sound in northern Israel, near border with Lebanon",haaretz
Mayor of northern Israeli town calls for stronger use of force against Hezbollah in Lebanon,haaretz
"Man killed by rocket fire from Lebanon, Israeli rescue service says",haaretz
RECAP: IDF investigates death of Israeli soldier and civilian who entered south Lebanon against orders,haaretz
Report: Lebanon demands precise date for full Israeli withdrawal as part of cease-fire deal,haaretz
Rocket sirens sound in northern Israel,haaretz
"Families of hostage mistakenly killed by IDF, IAF pilot who committed suicide press army to receive recognition as fallen soldiers",haaretz
Hundreds protest outside Israeli court ahead of indictment of suspect in BibiLeaks affair,haaretz
Military police investigating circumstances surrounding entry of elderly Israeli civilian into south Lebanon combat zone,haaretz
"Israel attacked Hezbollah targets in Beirut's Dahiyeh overnight into Thursday, IDF says",haaretz
"Israeli president Herzog says violence against Netanyahu, attorney general is 'appalling'",haaretz
IDF says it killed nine gunmen in West Bank city of Jenin,haaretz
"Lebanese parliament speaker: If Netanyahu rejects the agreement with Hezbollah, things will take a turn for the worse",haaretz
"Rocket sirens sound in northern Israel, near border with Lebanon",haaretz
IDF's Arabic spokesperson calls on residents in south Lebanon to evacuate,haaretz
IDF says it intercepted one rocket launched at Israel from southern Gaza after sirens sounded in Gaza border community,haaretz
IDF names Israeli soldier killed alongside elderly civilian who entered southern Lebanon with troops against orders,haaretz
"Three Palestinians arrested for allegedly plotting to assassinate Ben-Gvir and his son, Israeli authorities say",haaretz
"IDF: Drone launched from Lebanon shot down, fragments land in north; no reports of injuries",haaretz
IDF's Homefront Command says incident over after drone entered Israel from Lebanon,haaretz
IDF monitoring drone that entered Israeli territory from Lebanon,haaretz
Drone sirens activated in Western Galilee region of northern Israel,haaretz
Report: Israel launches airstrikes on south Beirut neighborhood of Dahiyeh,haaretz
U.S. Senate blocks Bernie Sanders' bid to halt some Israel military sales,haaretz
"Dozens killed, wounded in Israeli air strikes on several houses in northern Gaza, medics say",haaretz
Elderly Israeli civilian killed in southern Lebanon after entering with troops; IDF: Soldier also killed in same incident,haaretz
"RECAP: Israeli civilian, soldier killed in southern Lebanon; 19 Senate Democrats vote to block arms transfers to Israel",haaretz
Previous updates,haaretz
'We Show Up in Places That Some of the Jewish Community Has Abandoned',haaretz
Is the 'Trump Effect' Preventing Iran From Attacking Israel?,haaretz
Amsterdam Riots: 'Violence Like This Is a Boon for the anti-Muslim far right',haaretz
'Trump Doesn't Want to Inherit the Middle East Mess That Netanyahu Made With Biden',haaretz
Haaretz ExplainsHaaretz Explains | How Netanyahu Leveraged Leaked and False 'Hamas Documents' as Hostage Protests Surged,haaretz
Iran Leaks Personal Data of Israeli Nuclear Scientist and Top Defense OfficialIran Leaks Personal Data of Israeli Nuclear Scientist and Senior Defense Official,haaretz
"B-52 Bombers, Dozens of Jets: As Israel Braces for Iran Attack, U.S. Boosts Mideast Forces",haaretz
"We Found 'Kevin', Who IDed Thousands of Israeli Soldiers in Sensitive Bases",haaretz
Democratic Senators Back Sanders' Resolutions Blocking $20 Billion Arms Sales to Israel,haaretz
AIPAC's Role in Democratic Party Under Scrutiny After 2024 U.S. Election Losses,haaretz
'A Very Pivotal Time': New Digital Memory Lab Aims to Combat Online Holocaust Denial,haaretz
Elderly Israeli Civilian Killed in South Lebanon With Soldier After Entering With Troops,haaretz
Israel and Lebanon Expected to Start Indirect Talks Over Land Border After Cease-fire,haaretz
Any Agreement Between Israel and Lebanon Will Require a Silent Partner: Syria's Assad,haaretz
The Looming Trump Administration Leaves Palestinians With No Choice but to Wait It Out,haaretz
A Gaza School Burned Down Hours After Aid Arrived. Witnesses: IDF Soldiers Responsible,haaretz
"In Gaza, Palestinians Line Up for Hours to Get Just a Few Liters of Water",haaretz
Israel's War on Hezbollah's Economic Empire: Human Trafficking to Drug-running Captagon,haaretz
Thirty-three Orthodox Rabbis Endorse Kamala Harris a Day Before U.S. Presidential Election,haaretz
Haaretz ExplainsHaaretz Explains | BibiLeaks: Everything You Need to Know About Netanyahu's Latest Scandal,haaretz
139 East Jerusalem Residents Discover Their Land Is Registered to the Jewish National Fund,haaretz
"Do These Photos, Taken in 1956, Show a Peaceful Gaza Under Israeli Occupation?",haaretz
Satellite Images Gradually Reveal Results of Israel's Strikes in Iran,haaretz
"Intelligence Operation Collected Information on Sensitive Israeli Bases, Soldiers",haaretz
Kuwaiti Influencer Faces Backlash After Claiming Gazan Women Are Resorting to Prostitution,haaretz
"Amid Wave of Antisemitism, Norway's Jews Feel Vulnerable and Betrayed",haaretz
Haaretz Publisher Clarifies Hamas Remarks as Netanyahu Gov't Threatens Sanctions,haaretz
Netanyahu Is Selling Gaza to Private Militias,haaretz
What Frightens Ezra Klein Most About Israel Becoming a Pariah State,haaretz
"ICC issues arrest warrants for Netanyahu, Gallant",isarel hayom
"Israel considers appeal of ICC warrants for Netanyahu, Gallant",isarel hayom
Israeli archaeology giant killed after joining troops in Lebanon,isarel hayom
LIVEBLOG: Israeli killed in Nahariya barrage,isarel hayom
Senate overwhelmingly rejects bid to block Israel weapons sales,isarel hayom
California Jewish families sue school district over antisemitic incidents,isarel hayom
"Lebanon truce 'in Israel's hands,' Hezbollah leader says",isarel hayom
61 killed in unprecedented Syria strike,isarel hayom
Lebanon ceasefire: Beirut seeks deal permitting Hezbollah's continued presence,isarel hayom
Blueprint of a revolution: How Israel Ñould topple the Iranian regime,isarel hayom
'Things could go wrong at any moment': Life on the Israel-Egypt-Gaza border,isarel hayom
Inside the IDF's robotic arsenal,isarel hayom
"86 years after Kristallnacht, Europe is the same",isarel hayom
HowÂ Israel's veteran civilians returned to battle,isarel hayom
This is how terrorist organizations use AI,isarel hayom
Our 2024 interview with Trump,isarel hayom
'Israel needs to get off of American aid',isarel hayom
Prince of Persia: Who is Iran's next Supreme Leader?,isarel hayom
End of Google's monopoly?,isarel hayom
3000% spike in campus antisemitism post-Oct. 7,isarel hayom
Kindergarten hit in rocket attack on northern Israel,isarel hayom
Israel's moment: A historic call for Jewish homecoming,isarel hayom
US vetoes Gaza ceasefire proposal at UN,isarel hayom
US rabbis call for boycott of Portland over antisemitic policy move,isarel hayom
The updated guide to Israel flight cancellations,isarel hayom
"ICC issues arrest warrants for Netanyahu, Gallant",isarel hayom
"Israel considers appeal of ICC warrants for Netanyahu, Gallant",isarel hayom
Israeli archaeology giant killed after joining troops in Lebanon,isarel hayom
LIVEBLOG: Israeli killed in Nahariya barrage,isarel hayom
"Lebanon truce 'in Israel's hands,' Hezbollah leader says",isarel hayom
61 killed in unprecedented Syria strike,isarel hayom
Kindergarten hit in rocket attack on northern Israel,isarel hayom
A nation's heart breaks,isarel hayom
A searing defeat for Barack Obama,isarel hayom
Missing opportunities is something Palestinians do â not Israelis,isarel hayom
The downfall of identity politics,isarel hayom
Know your enemy,isarel hayom
The pope's new blood libel,isarel hayom
When knowledge is not power,isarel hayom
"Joey, we hardly knew ye",isarel hayom
Don't call me a survivor,isarel hayom
Trump marks Oct. 7 with visit to Rebbe's Ohel,isarel hayom
Netanyahu to 'fight as long as there are hostages',isarel hayom
Harris plants pomegranate tree to honor Oct. 7 victims,isarel hayom
'Lady in Red' Nova survivor reflects on Oct. 7 attack,isarel hayom
No one is the same,isarel hayom
Kindergarten teacher turned hero on Ofakim's 'death street',isarel hayom
Iranian court drops charges againstÂ student protester,isarel hayom
Canada foils Iranian plot to assassinate Jewish human rights advocate,isarel hayom
Erdogan: 'We must push Israel into a corner',isarel hayom
California Jewish families sue school district over antisemitic incidents,isarel hayom
3000% spike in campus antisemitism post-Oct. 7,isarel hayom
US rabbis call for boycott of Portland over antisemitic policy move,isarel hayom
The updated guide to Israel flight cancellations,isarel hayom
Flying to Israel? El Al discloses airfare ranges,isarel hayom
Ben & Jerry's sues Unilever over Gaza stance,isarel hayom
German foundation revokes artist's prize over Israel stance,isarel hayom
Sia dedicates song to Nova survivors,isarel hayom
'Snow White' star issues apology over anti-Trump posts,isarel hayom
Iran's latest threat to Israel: 72-hour countdown to cyber attack,isarel hayom
How did Trump's victory earn Musk $63 billion in 8 hours?,isarel hayom
Is it the end of Japanese delicacies at 7-Eleven?,isarel hayom
End of Google's monopoly?,isarel hayom
NVIDIA earnings: AI frenzy reaches milestone,isarel hayom
Trump sends Tesla stock soaring,isarel hayom
Arieli EL acquires 59.1% stake in Elron Ventures for $53.2M,isarel hayom
Magnus Metal raises $74M in Series B funding,isarel hayom
Morphisec launches anti-ransomware assurance suite powered by AMTD,isarel hayom
"Online retailers losing millions by not disputing chargebacks, report says",isarel hayom
Israeli cyber exits sum breaks all-time record,isarel hayom
Miami startup Matia gets boost in mission to reduce data stack complexity,isarel hayom
Can AI help find online extremists who will turn violent? This Israeli startup has a vision,isarel hayom
New cellphone feature could help you find products hiding on store shelves,isarel hayom
"World No. 1 tennis players tested positive for anabolic steroid, the results were revealed after a long delay",isarel hayom
Oldest woman in the world dies at 117,isarel hayom
Chelsea's frenzied transfer bout sees Conor Gallagher swapped for Joao FÃ©lix,isarel hayom
Massive drone attack on Moscow intercepted by Russian defenses,isarel hayom
"Sven-GÃ¶ran Eriksson's life, battle with cancer depicted in Amazon Prime documentary",isarel hayom
"After ""Dahmer,"" Netflix's ""Monsters"" tackles the Mendez Brothers",isarel hayom
The Best in Cyber,isarel hayom
Security Aces: The Israeli startup that's taking Europe by storm,isarel hayom
Fighting Drugs and Explosives â and Saving Lives,isarel hayom
Data is Supreme,isarel hayom
"""Today, there is no such thing as being a Fighter or Pilot without Intelligence, Cyber and Technology""",isarel hayom
How food rescue can serve as a win-win solution for food insecurity,isarel hayom
"'Many donors disappeared, but Leket Israel stayed'",isarel hayom
'We give oxygen to hundreds of nonprofits',isarel hayom
'No one will go hungry during the holidays',isarel hayom
Israel is a lesson for life,isarel hayom
"ICC issues arrest warrants for Netanyahu, Gallant",isarel hayom
A nation's heart breaks,isarel hayom
"Israel considers appeal of ICC warrants for Netanyahu, Gallant",isarel hayom
Israeli archaeology giant killed after joining troops in Lebanon,isarel hayom
LIVEBLOG: Israeli killed in Nahariya barrage,isarel hayom
Senate overwhelmingly rejects bid to block Israel weapons sales,isarel hayom
"ICC issues arrest warrants for Netanyahu, Gallant",isarel hayom
A nation's heart breaks,isarel hayom
"Israel considers appeal of ICC warrants for Netanyahu, Gallant",isarel hayom
Israeli archaeology giant killed after joining troops in Lebanon,isarel hayom
LIVEBLOG: Israeli killed in Nahariya barrage,isarel hayom
"ICC issues arrest warrants for Netanyahu, Gallant",isarel hayom
A nation's heart breaks,isarel hayom
"Israel considers appeal of ICC warrants for Netanyahu, Gallant",isarel hayom
Israeli archaeology giant killed after joining troops in Lebanon,isarel hayom
LIVEBLOG: Israeli killed in Nahariya barrage,isarel hayom
